검색어,사업장명,검색결과 가게명
03982 사르르,사르르,사르르과자점
03982 빨강꼬치&꼬떡상회,빨강꼬치&꼬떡상회,
03989 지라파,지라파,
03989 지라파,지라파,
03982 돈토키,돈토키,카마카츠
03980 에스유 치즈카페,에스유 치즈카페,
03980 멜랑커피 연남,멜랑커피 연남,커피 리브레 연남점
03985 라디오 시티,라디오 시티,
03982 서울혼술바 제주아홉 홍대점,서울혼술바 제주아홉 홍대점,홍대 술집 이자카야 철길부산집 숲길점 |Hongdae izakaya restaurant pub
03980 오지 서울,오지 서울,오지그녀
03982 주실,주실,
03982 리플리,리플리,
03982 홍콩데이,홍콩데이,
03982 연남잿불,연남잿불,
03975 청년피자 서교연남점,청년피자 서교연남점,백스트리트 피자 연남점
03982 고스트블랙 연남점,고스트블랙 연남점,고스트블랙연남
03982 베리머치(Berry Much),베리머치(Berry Much),베리베리베리머치 - Berry Berry Very Much
03982 윅스(weXX),윅스(weXX),
03982 감성커피 연남동점,감성커피 연남동점,카페테틈 연남점
03982 동동,동동,연하동
03982 바모스(vamos)커피,바모스(vamos)커피,바모스
03982 프라이즈데이,프라이즈데이,프라이즈데이Friesday
03982 우노,우노,야키토리 우노
03988 펠른(perlen),펠른(perlen),카페 펠른 하우스 (Cafe) Perlen HAUS
03980 타임투타코(Time To Taco),타임투타코(Time To Taco),
03980 오까르베,오까르베,
03982 우삼집,우삼집,우삼집 Woosamzip
03989 노체,노체,
03979 베홍리,베홍리,
03987 감정선프로젝트 베이킹 홍대연남점,감정선프로젝트 베이킹 홍대연남점,감정선프로젝트 연남점
03982 김부자네,김부자네,
03980 꽁블s(뻴르멜르),꽁블s(뻴르멜르),
03979 녹녹,녹녹,
03982 와린(WARIN),와린(WARIN),WARIN
03982 에브리싱글데이,에브리싱글데이,every single day
03981 김치돼학교 홍대점,김치돼학교 홍대점,맛김치생삼겹살
03987 테이트하우스(TATE HOUSE),테이트하우스(TATE HOUSE),
03984 티아이지디(TIGD),티아이지디(TIGD),
03987 유히(YUHI),유히(YUHI),
03983 성산회관,성산회관,연희104고지앞.구성산회관
03983 주식회사 마사비스,주식회사 마사비스,마사비스 카페 연남점 (Mercerbis dessert cafe in Yeonnam-dong)
03987 웍스터(WOKSTER),웍스터(WOKSTER),웍스터
03982 스테이 피(stay P),스테이 피(stay P),연남 이탈리아레스토랑 스테이피
03982 시샤 누에보(SHISHA NUEVO),시샤 누에보(SHISHA NUEVO),SHISHA NUEVO 시샤 누에보 후카바
03979 흰그루,흰그루,
03979 미(mi),미(mi),미
03982 이퀄(equal=),이퀄(equal=),이퀄 연남 equal yeonnam
03990 메디아루나(MEDIALUNA),메디아루나(MEDIALUNA),메디아루나
03980 셀로나(Celona),셀로나(Celona),
03982 몽포,몽포,몽포 (MONGPO)
03982 팻어케이크(Pat a cake),팻어케이크(Pat a cake),팻어케이크
03983 죠죠 연남점(JYO JYO),죠죠 연남점(JYO JYO),죠죠 연남점
03982 용왕포차,용왕포차,용왕포차(Yongwangpocha)
03974 돼지와플&요거트아이스크림 홍대연남점,돼지와플&요거트아이스크림 홍대연남점,와플대학 홍대캠퍼스
03974 구공분식 홍대 연남점,구공분식 홍대 연남점,그동네떡볶이 연남점
03984 파네트 에그타르트,파네트 에그타르트,
03982 베비돌,베비돌,BABYDOLL 베비돌
03981 연남선샤인,연남선샤인,연남장
03979 마데라(Madera),마데라(Madera),마데라
03985 연남술비,연남술비,suulbi
03974 페이블테이블(fable table),페이블테이블(fable table),반테이블
03983 카프(CAFF),카프(CAFF),카프 커피
03975 브루클린 푸드 트레일러 연남점,브루클린 푸드 트레일러 연남점,브루클린푸드트레일러 연남 BFT-Y
03980 해옫 연남,해옫 연남,해옫
03982 주원(JOOWON),주원(JOOWON),주원
03975 이오,이오,이오 한우구이 스키야키 연남점
03982 테라다식당 연남점,테라다식당 연남점,테라다식당 신사본점
03982 귀차니즘,귀차니즘,
03979 풀린(fullin),풀린(fullin),풀린
03982 요고미,요고미,거북이의 꿈
03991 오뜨하우스,오뜨하우스,오르트하우스
03982 고미,고미,고미푸딩
03981 일파정,일파정,일파정 ilpajung
03979 커피 리브레,커피 리브레,커피 리브레 연남점
03980 일기,일기,일기어플
03974 원러브서울,원러브서울,ONE LOVE SEOUL 원러브서울
03982 원석,원석,이자카야 원석
03983 작심,작심,작심독서실
03980 오오미소카,오오미소카,오오미소카 OOMISOKA YEONNAM
03981 피자페이스오프,피자페이스오프,피자 페이스오프 연남점
03982 헬로(Hello),헬로(Hello),헬로
03982 연남상회,연남상회,동백상회 연남
03982 호랑이칡냉면(홍대직영점),호랑이칡냉면(홍대직영점),
03980 (주)메종드연남,(주)메종드연남,
03974 뉴페이즈(new phase),뉴페이즈(new phase),
03982 고스트블랙 연남점,고스트블랙 연남점,고스트블랙연남
03982 디막,디막,디막 (Di Mak)
03986 부에노 떡볶이,부에노 떡볶이,부에노떡볶이 연남점
03976 카페포-옹,카페포-옹,카페 포
03982 청월당,청월당,야키토리 청월당
03980 연남타코,연남타코,연남 타코
03984 연희기획,연희기획,
03980 혼시츠,혼시츠,혼시츠 (本質)
03982 금별맥주 연남점,금별맥주 연남점,금별맥주 연남점 / 金星啤酒 延南店 / クムビョルビール ヨンナム店 / Geumbyeol Beer Yeonnam
03980 뽁당 볶음밥 홍대연남점,뽁당 볶음밥 홍대연남점,
03985 옐로우로즈,옐로우로즈,
03982 무심,무심,카페 무심 연남(MOOSIM COFFEE CLUB/ MUSIM)
03980 티브커피하우스(Teebcoffeehouse),티브커피하우스(Teebcoffeehouse),티브커피하우스 TEEB COFFEEHOUSE
03982 오늘은 육회 연어,오늘은 육회 연어,오늘은육회연어
03974 한식끝판왕 홍대점,한식끝판왕 홍대점,포차끝판왕
03974 양순덕전통김치찌개 홍대점,양순덕전통김치찌개 홍대점,홍대 맛집 홍대부대찌개 l hongdae restaurant hongdae budae jjigae l 弘大 美食 弘大 部隊鍋ㅣ弘大グルメ店 弘大プデチゲ
03974 양가네푸드 홍대점,양가네푸드 홍대점,유가네닭갈비 홍대2호점
03980 카페 언타이틀(cafe untitle),카페 언타이틀(cafe untitle),언타이틀 카페&바
03982 왓에버 타코(Whatever TACO),왓에버 타코(Whatever TACO),왓에버타코
03982 루치펠,루치펠,루치펠 집사카페
03979 슬로워크(slowalk),슬로워크(slowalk),슬로워크
03988 한촉(HANCHOC),한촉(HANCHOC),한촉 연남 Hanchoc
03982 수퍼소닉(Supersonic),수퍼소닉(Supersonic),
03974 에프이에이티.(feat.),에프이에이티.(feat.),에프이에이티
03984 블루보틀커피코리아 연남,블루보틀커피코리아 연남,블루보틀 연남 카페
03979 샌드스톤,샌드스톤,샌드스톤커피랩
03982 베따(Vetta),베따(Vetta),Vetta (베따)
03974 유메이크쿠키,유메이크쿠키,
03982 잊힐리야 연남,잊힐리야 연남,연남동 맛집 잊힐리야 연남 한식주점 | Forgetless Yeon-nam Korean Bar | 韓国料理 居酒屋 忘れぬ
03982 포잇(Poit),포잇(Poit),
03983 니시무라멘 연남본점,니시무라멘 연남본점,니시무라멘서울(연남본점)
03982 팽페르뒤(Pain perdu),팽페르뒤(Pain perdu),Pain Perdu 팽페르뒤
03982 온도,온도,공상온도
"03975 에스프레소 그자체, 연남","에스프레소 그자체, 연남",에스프레소 그자체
03985 해피벌스데이,해피벌스데이,에브리데이 해피벌스데이
03982 시실리,시실리,시실리 본점
03981 토끼다이닝 연남,토끼다이닝 연남,토끼다이닝 연남 / Tokki dining Yeonnam-dong Korean dining / 韓国料理 Tokki dining ダイニング
03982 삼이사 파스타(324 Pasta),삼이사 파스타(324 Pasta),
03979 오츠커피 연남,오츠커피 연남,오츠커피 연남 Oatscoffee Yeonnam
03980 545 연남,545 연남,545
03979 오코노미야키 포비 연남,오코노미야키 포비 연남,포비연남
03980 아트스뉴욕 연남점(ARTS NEWYORK),아트스뉴욕 연남점(ARTS NEWYORK),아트스뉴욕 문래점
03980 오버딥(Over Deep),오버딥(Over Deep),오버딥
03982 홍콩식당 연남점,홍콩식당 연남점,홍콩식당연남
03982 베러위켄드(BETTER WEEKEND),베러위켄드(BETTER WEEKEND),
03974 플루밍(Pluming),플루밍(Pluming),플루밍
03982 준무,준무,이자카야 준무
03980 뉴스 연남점,뉴스 연남점,
03982 용뱅이,용뱅이,꿀뱅이
03991 새숯가,새숯가,
03982 다크사이드 연남,다크사이드 연남,
03991 코티지블루(cottage blue),코티지블루(cottage blue),코티지블루
03982 모닝캄 커피로스터스,모닝캄 커피로스터스,모닝캄커피랩
03982 소하염전(연남),소하염전(연남),소하염전 연남
03979 피프 에스프레소 바,피프 에스프레소 바,피프에스프레소바 Pfiff Espresso Bar
03974 우즈 커피,우즈 커피,우즈커피
03982 유브유부 연남점,유브유부 연남점,유브유부&더바른정국밥 연남점
03991 환대(hwandae),환대(hwandae),환대
03987 모이다,모이다,
03982 화월 카게츠 연남점,화월 카게츠 연남점,화월 연남점
03982 발트 본점,발트 본점,카페 팔트
03980 주재.,주재.,주재
03979 일구구사서울(1994SEOUL),일구구사서울(1994SEOUL),1994SEOUL
03982 우라프라우드,우라프라우드,
03980 판초(Pancho),판초(Pancho),Pancho(판초)
03982 클럼지(Clumsy),클럼지(Clumsy),클럼지베이커리
03979 팔도강산버거(8nrm),팔도강산버거(8nrm),8nrm 팔도강산버거 연남
03982 어반써티 연남(urban30 yeonnam),어반써티 연남(urban30 yeonnam),어반써티연남 Urban30Yeonnam
03988 오에스디에스 연남(Osds 연남),오에스디에스 연남(Osds 연남),Osds 연남
03979 하뭇(HAMUT),하뭇(HAMUT),
03982 연남동 이집,연남동 이집,연남 이제
03982 무취포차,무취포차,연남포차
03980 더 레어(THE RARE) 연남본점,더 레어(THE RARE) 연남본점,더레이어스
03982 야마타츠,야마타츠,
03982 일련 로스터스,일련 로스터스,일련 로스터스 | ILRYEON ROASTERS
03982 연남 육미안,연남 육미안,육미안 연남점
03977 프런티어(Frontier),프런티어(Frontier),프런티어
03990 이스트사이드 치킨 샌드위치(Eastside Chicken Sandwich),이스트사이드 치킨 샌드위치(Eastside Chicken Sandwich),이스트사이드 치킨 샌드위치
03982 연남동 로이로이,연남동 로이로이,로이로이
03988 리이슈커피,리이슈커피,리이슈 커피 로스터스
03980 피오레(FIORE),피오레(FIORE),피오레
03984 슈타데(Stade),슈타데(Stade),슈타데
03984 아벡쉐리 더 파크,아벡쉐리 더 파크,Avek Cheri the park 아벡쉐리 더파크
03975 긱(Geek),긱(Geek),긱 라이브 하우스
03982 연심 마리연남점,연심 마리연남점,연미정 연남점
03983 리파인,리파인,리파인 연남점
03985 무채색 숲,무채색 숲,
03980 스시정인,스시정인,스시정인 Sushi Jung In
03983 카페스콘,카페스콘,카페 스콘 CAFE SKÖN
03983 코코시에나,코코시에나,홍대 티 오마카세 코코시에나 / Hongdae Premium Tea COCOSIENNA
03981 아이에스 크리에이티브(IS Creative),아이에스 크리에이티브(IS Creative),아이에스크리에이티브
03975 명인갈비,명인갈비,명인갈비 미아점
03980 유니드마이요거트,유니드마이요거트,유니드마이요거트 연남
03980 갤러리 코랄 리프 커피,갤러리 코랄 리프 커피,갤러리코랄리프커피
03982 갑자기 떡볶이&숯불김밥,갑자기 떡볶이&숯불김밥,떡볶이맛집
03984 한글,한글,한글 Hangeul
03974 히포 브런치하우스,히포 브런치하우스,히포 브런치하우스 Hippo brunchhaus
03982 수수연남,수수연남,수수연남 SUSU Yeonnam
03980 코리코카페(Koriko Cafe),코리코카페(Koriko Cafe),코리코 카페
03982 미로 95,미로 95,미로95
03981 아트와떵(a trois temps),아트와떵(a trois temps),아트와떵
03975 낫낫커피(notnot Coffee),낫낫커피(notnot Coffee),NOTNOTCOFFEE
03984 시부야타코야키,시부야타코야키,
03974 모리노코,모리노코,카페 모리노코
03980 도부(Dobu),도부(Dobu),도부
03982 쿄이(kyoi),쿄이(kyoi),카페 쿄이 cafe kyoi
03980 보카도(BOCADO),보카도(BOCADO),보카도버터 bocado butter
03982 유메오뎅,유메오뎅,Yume Fish Cake Yeonnam
03982 플롭(PLOP),플롭(PLOP),플롭 연남
03984 카페 드 래빗(Cafe de rabbit),카페 드 래빗(Cafe de rabbit),카페 드 래빗
03981 아민연남,아민연남,아민 연남
03975 올웨이즈어거스트제작소,올웨이즈어거스트제작소,올웨이즈어거스트 연남
03982 덴(Den) 연남점,덴(Den) 연남점,덴 후카바 연남점
03982 긱스(GYCS),긱스(GYCS),
03982 앳더모먼트,앳더모먼트,카페 앳더모먼트
03982 장농속 2호점,장농속 2호점,장농속
03982 루프힙(Roof Hip),루프힙(Roof Hip),루프힙 RoofHip
03982 플루프커피(Plouf coffee),플루프커피(Plouf coffee),플루프커피
03982 오뗄 드 꾸뜨,오뗄 드 꾸뜨,Hotel De GGOODD 오뗄드꾸뜨
03982 스탠딩박스,스탠딩박스,스탠딩박스 Standing Box
03979 그로떼(Grotte),그로떼(Grotte),그로떼 와인&위스키
03982 카탈리스트,카탈리스트,바 카탈리스트 BAR Catalyst
03985 영지인,영지인,영지인 연남점
03982 디어다온(DEAR DAON),디어다온(DEAR DAON),디어다온(deardaon)
03982 더티핑크(DIRTY PINK),더티핑크(DIRTY PINK),Dirty Pink
03982 스몰타운스몰(small town small),스몰타운스몰(small town small),스몰타운스몰
03982 양식구옥,양식구옥,양식구옥(yangsikguok)
03982 로컬코드(LOCALCODE),로컬코드(LOCALCODE),
03982 피프티인더카트(50INTHECART),피프티인더카트(50INTHECART),피프티인더카트
03980 소프트컬러(softcolor),소프트컬러(softcolor),소프트컬러
03982 차니베어 스테이션(Chanibear Station),차니베어 스테이션(Chanibear Station),차니베어스테이션
03990 홍카페(Hong cafe),홍카페(Hong cafe),홍카페 홍대 타로 사주 신점 (Hong Cafe Hongdae - Fortune Telling Tarot Cafe)
03982 마포구 연남돈 1층,마포구 연남돈 1층,마포구연남돈
03982 마포구 연남돈 2층,마포구 연남돈 2층,마포구연남돈
03980 연남 화담,연남 화담,연남화담
03982 헤이죠지,헤이죠지,Hey George(헤이죠지)
03982 우아하게 스테이크,우아하게 스테이크,우아하게
03988 리스본 캔어리(LISBON CANNERY),리스본 캔어리(LISBON CANNERY),
03982 그레이비,그레이비,그레이비 버거
03982 풀업,풀업,
03982 연미정,연미정,연미정 연남점
03980 오로라 케이크하우스,오로라 케이크하우스,오로라 케이크하우스 & 디저트카페
03982 차차밀로(ChaChaMIllo),차차밀로(ChaChaMIllo),
03982 카페밀노(cafe MILNO),카페밀노(cafe MILNO),카페밀노
03989 우리할매떡볶이(연남점),우리할매떡볶이(연남점),우리할매떡볶이 홍대연남점
03982 미로 베이크(Miro Bake),미로 베이크(Miro Bake),미로베이크
03982 메종 브리크(Maison Brique),메종 브리크(Maison Brique),메종브리크
03982 오버조이드 연남,오버조이드 연남,오버딥
03982 써클하트스퀘어(Circle Heart Square),써클하트스퀘어(Circle Heart Square),써클하트스퀘어 (circle heart square)
03985 힉스(HIGGS),힉스(HIGGS),
03982 쿄카,쿄카,
03985 라프 하우스(RAF HOUSE),라프 하우스(RAF HOUSE),라프하우스
03982 에이콘팬트리(Acorn Pantry),에이콘팬트리(Acorn Pantry),에이콘팬트리 연남
03980 우와 연남점,우와 연남점,우와
03982 초이다이닝,초이다이닝,초이다이닝 연남
03977 복합문화공간 봄날(Spring days),복합문화공간 봄날(Spring days),복합문화공간봄날
03982 청화접,청화접,연남동 청화접
03982 로제드미네,로제드미네,로제 드 미네
03982 아메리칸 하우스,아메리칸 하우스,아메리칸 하우스. American House
03982 ㅇㄸㄸ (아뜨뜨),ㅇㄸㄸ (아뜨뜨),아뜨뜨
03988 녹원쌈밥,녹원쌈밥,녹원쌈밥 연남점
03989 콘티키빠(kontikibba),콘티키빠(kontikibba),콘티키빠
03982 니꾸킹 버거(NIKU KING BURGER),니꾸킹 버거(NIKU KING BURGER),니꾸킹버거
03980 토라에몽,토라에몽,나카지마 토라에몽
03982 솔솥,솔솥,솔솥 연남점
03989 씨브이엘 랩(CVL lab),씨브이엘 랩(CVL lab),씨브이엘(CVL)의원
03990 566라멘(566RAMEN),566라멘(566RAMEN),566라멘
03984 백스트리트 피자,백스트리트 피자,백스트리트 피자 연남점
03988 스윗 사워 솔트,스윗 사워 솔트,Sweet Sour Salt
03982 에브리데이해피벌스데이(Everyday Happy Birthday),에브리데이해피벌스데이(Everyday Happy Birthday),에브리데이 해피벌스데이
03982 47바(47Bar),47바(47Bar),47바
03982 그리스마스(Greecemas),그리스마스(Greecemas),그리스마스
03982 피스케스(Pisces),피스케스(Pisces),피스케스
03982 고시고시,고시고시,고시고시 연남
03980 우미집 1947,우미집 1947,우미집1947 牛尾集 WOOMIJIP
03981 헤비메탈,헤비메탈,Heavy Metal
03982 Amare Tutti(아마레뚜띠),Amare Tutti(아마레뚜띠),아마레뚜띠
03982 연남고집,연남고집,연남고집 (YeonNam-Gojip)
03983 아노브 연남,아노브 연남,아노브 피자 연남점
03982 살롱드민,살롱드민,SALON de MIN 살롱드민
03984 테판 클럽,테판 클럽,테판클럽
03974 마인드엔터(Mind enter),마인드엔터(Mind enter),마인드엔터
03980 하이하우스(High House),하이하우스(High House),하이하우스
03974 오이소순대국,오이소순대국,오이소 연남본점
03988 감나무집(1층),감나무집(1층),감나무집기사식당
03991 안주먹고 팔자피자,안주먹고 팔자피자,팔자좀피자
03983 제이앤제이슨R,제이앤제이슨R,Jay&Jason R
03982 종로계림닭도리탕원조(연남점),종로계림닭도리탕원조(연남점),종로계림닭도리탕 연남점
03980 스테이키스트(STEAKIST),스테이키스트(STEAKIST),스테이키스트
03980 카페 잼잼,카페 잼잼,카페잼잼
03982 제로밥상 설탕없이 완벽한한끼 연남점,제로밥상 설탕없이 완벽한한끼 연남점,제로밥상
03980 연남뎅,연남뎅,연남오뎅
03982 포도알(PoDoR),포도알(PoDoR),PoDo R
03982 해브(HAVE),해브(HAVE),해브(have)
03982 바다약방,바다약방,바다약방 연남본점
03982 퍼펙트데이즈(Perfect Days),퍼펙트데이즈(Perfect Days),
03981 핑퐁 서울,핑퐁 서울,PING PONG 핑퐁
03988 감나무집,감나무집,감나무집기사식당
03982 바결,바결,바 결
03989 수퍼바켙(SUPER BARKET),수퍼바켙(SUPER BARKET),
03982 그믐족발,그믐족발,그믐족발 연남점
03981 바르(varr),바르(varr),
03989 삼육 식당,삼육 식당,삼육식당
03982 연주방 어페어,연주방 어페어,연주방어페어 Yeonjuvin' affair
03984 송가네감자탕,송가네감자탕,송가네감자탕 본점
03986 고을집 김치생삼겸살,고을집 김치생삼겸살,
03982 백식당,백식당,백식당 Beak Restaurant
03982 서양면옥,서양면옥,서양면옥 연남점 / Western Noodle House Yeonnam Branch / 西洋面屋 延南店 / 西洋麺屋 延南店
03982 쿄라멘(Kyo ramen),쿄라멘(Kyo ramen),쿄 라멘
03991 연남제빵소,연남제빵소,연남빵집
03982 무쇠김치삼겹살연남 주식회사,무쇠김치삼겹살연남 주식회사,무쇠김치삼겹 연남 맛집 고기집ㅣ弘大 レストラン サムギョプサル グルメ
03991 서울아일랜드,서울아일랜드,그린아일랜드
03977 알앤엠(Are&am),알앤엠(Are&am),Cafe Are&am
03974 문일리(moonily),문일리(moonily),MOONILY PIZZA HOUSE
03984 그동네떡볶이,그동네떡볶이,그동네떡볶이 연남점
03980 메리트리(meritree),메리트리(meritree),메리트리
03982 어니스트팬케이크(HONEST PANCAKES),어니스트팬케이크(HONEST PANCAKES),어니스트 팬케이크
03982 연남동 미로끝,연남동 미로끝,미로끝
03991 연남토마,연남토마,연남토마 연남본점
03984 리옥,리옥,
03984 랫댓(Rat that),랫댓(Rat that),랫댓
03980 갓잇(GODEAT),갓잇(GODEAT),갓잇 서초점 GODEAT Seocho
03975 연남친친,연남친친,친친
03980 수수,수수,수수연남 SUSU Yeonnam
03979 서점리스본 포르투,서점리스본 포르투,서점 리스본 & 포르투
03982 장끼전,장끼전,연남동 맛집 장끼전 | Korean Restaurant Jangkki Jeon
03989 포가레이(Pho ga le),포가레이(Pho ga le),포가레
03982 오파츠,오파츠,오파츠 OOpart
03982 프롬더맘(from the mom),프롬더맘(from the mom),프롬더맘
03982 위드위시(with wish),위드위시(with wish),위드위시
03982 질리(Gilli),질리(Gilli),질리(gilli)
03982 땅땅치킨(연남점),땅땅치킨(연남점),땅땅치킨연남점
03980 모래미집,모래미집,모래미집 moraemi jib
03982 벤코크(vencoch),벤코크(vencoch),
03991 (주)아각아각,(주)아각아각,아각 아각
03982 스필아웃,스필아웃,Spill Out (Pizza & Bar)
03980 그리너 연남본점,그리너 연남본점,그리너
03974 위치앤그레텔,위치앤그레텔,위치앤그레텔 Cafe Witch and Gretel
03991 더배드저널,더배드저널,The Bad Journal 더배드저널
03979 베리굿베리카인드(Berry good Berry kind),베리굿베리카인드(Berry good Berry kind),
03977 카페 스타플레이스,카페 스타플레이스,스타벅스 종로플레이스점
03982 옐로우미플(Yellow Meeple),옐로우미플(Yellow Meeple),옐로우미플
03982 플레이버(flavor),플레이버(flavor),플레이버타운
03982 후쿠오카 함바그 연남점,후쿠오카 함바그 연남점,우아하게 연남
03982 힠컵(hiccup),힠컵(hiccup),힠컵
03979 땡스오트,땡스오트,THANKS OAT Yeonnam 땡스오트 연남
03983 토요코인,토요코인,토요코인 서울 영등포
03980 콩카페 연남점(CONG CAPHE),콩카페 연남점(CONG CAPHE),콩카페 연남점
03980 심원,심원,심원 SIMONE 心源
03982 小주방,小주방,545
03982 어반루프(UrbanRoof),어반루프(UrbanRoof),어반루프 Urban Roof
03987 그루비,그루비,Groovy
03982 오랑지 Oh!range,오랑지 Oh!range,Ohrange
03979 커피냅로스터스 연남동,커피냅로스터스 연남동,커피냅로스터스 연남동 (COFFEE NAP ROASTERS Yeonnam)
03982 구테로이테(gute Leute) 연남점,구테로이테(gute Leute) 연남점,구테로이테 연남점
03985 여의주,여의주,여의주점
03982 블렌딩바 연남,블렌딩바 연남,블렌딩바 연남 blending bar yeonnam
03980 카페 늘보,카페 늘보,카페늘보
03989 크루이프14(KRUIJFF14),크루이프14(KRUIJFF14),
03982 유니르(Unir),유니르(Unir),유니르
03982 삼십삼유콘(33YUKON),삼십삼유콘(33YUKON),33유콘
03982 왼(when),왼(when),
03982 나는 술로,나는 술로,
03982 코발트 무드(Cobalt Mood),코발트 무드(Cobalt Mood),Cobalt Mood 코발트무드
03982 플러피(Fluffy),플러피(Fluffy),플러피 연남
03976 한성관,한성관,
03983 소울,소울,소울버튼(Soulbutton)
03982 빽다방 연남센트럴점,빽다방 연남센트럴점,연남다방
03985 풀뜯는돼지(별관),풀뜯는돼지(별관),풀뜯는돼지
03982 뉴오더클럽 NewOrderClub,뉴오더클럽 NewOrderClub,뉴오더클럽 연남
03991 대충 유원지,대충 유원지,대충유원지 카페
03982 도쿄 쿠루미(Tokyo Krumi),도쿄 쿠루미(Tokyo Krumi),도쿄쿠루미
03982 봉화,봉화,
03982 미드나잇,미드나잇,미드나잇 라운지 midnight lounge
03990 벌스투(VERSEⅡ),벌스투(VERSEⅡ),
03985 연남동 느루,연남동 느루,연남동 맛집 느루 | hongdae restaurant neuroo yeonnam
03980 미드나잇플레져(Midnight pleasure),미드나잇플레져(Midnight pleasure),미드나잇플레저
03982 수부니흐,수부니흐,수브니흐
03982 온실(onsil),온실(onsil),온실
03991 장작집,장작집,장작집 연남본점
03982 파미고 츄레리아(Famigo Churreria),파미고 츄레리아(Famigo Churreria),파미고 츄레리아
03982 슬로우캘리,슬로우캘리,슬로우캘리 연남본점
03980 란콰이진(LanKwaiJin),란콰이진(LanKwaiJin),연남동 술집 란콰이진
03980 디저트 뷰,디저트 뷰,디저트뷰
03982 봉구비어,봉구비어,봉구비어 연남동점
03986 에이제곱,에이제곱,카페에이제곱
03982 카우치 포테이토(COUCH POTATO),카우치 포테이토(COUCH POTATO),
03982 플레이 아레나,플레이 아레나,
03982 경양카츠 연남점,경양카츠 연남점,경양카츠
03982 비스트로 가마,비스트로 가마,비스트로 가마(Bistro gama)
03988 윤수,윤수,(주)윤수
03982 미미램 양꼬치 2호점,미미램 양꼬치 2호점,미미램양꼬치
03982 브론시스(BRONSIS),브론시스(BRONSIS),브론시스 [cafe bronsis]
03982 라멘 롱 시즌(japanese ramen long season),라멘 롱 시즌(japanese ramen long season),라멘 롱시즌
03982 카멜로연남(CAMELLO),카멜로연남(CAMELLO),CAMELLO yeonnam (카멜로연남)
03984 곤로,곤로,곤로 야끼니꾸
03991 (주)터틀힙,(주)터틀힙,turtlehip 터틀힙
03982 일쩜오플로어커피(1.5 Floor),일쩜오플로어커피(1.5 Floor),1.5floor coffee
03982 달콤다정,달콤다정,달콤다정 연남점
03990 하루노유키(はるのゆき),하루노유키(はるのゆき),
03981 그윅,그윅,GWEEK
03980 더빌리랩스(The Billi Labs),더빌리랩스(The Billi Labs),
03979 피에트라(pietra),피에트라(pietra),피에트라
03980 잇-다,잇-다,
03982 리틀파파포,리틀파파포,리틀파파포 연남점
03982 디아더(D.other),디아더(D.other),디아더
03977 카페인홀릭(CAFE IN HOLIC),카페인홀릭(CAFE IN HOLIC),CAFE IN HOLIC
03980 그래스호퍼(GRASSHOPPER),그래스호퍼(GRASSHOPPER),
03980 슬런치,슬런치,슬런치 팩토리
03990 엘비스텍(EL bistec),엘비스텍(EL bistec),엘비스텍
03983 문득,문득,문득 연남점
03982 소주방 2호점,소주방 2호점,
03980 야키토리묵,야키토리묵,야키토리 묵 / やきとり ムク
03982 팔계집,팔계집,팔계집 연남 (house of 8grill)
03982 부페트발라(Buffet Bala),부페트발라(Buffet Bala),
03984 코코리코(COCORICO),코코리코(COCORICO),코코리코
03982 화설,화설,화설 연남점 l Hongdae restaurant korean bbq HWASEOL Hongdae Main Store
03989 연백딸기모찌,연백딸기모찌,연백딸기모찌 연남점
03988 리틀파파포,리틀파파포,리틀파파포 연남점
03990 헬로인디아(Hello india),헬로인디아(Hello india),헬로인디아
03974 나도주스(NADO Juice),나도주스(NADO Juice),나도
03982 코메아벨렘(꼼마벨렘COMME A BELEM),코메아벨렘(꼼마벨렘COMME A BELEM),코메아벨렘
03982 더 단단,더 단단,단단
03990 오이도(52nd Street),오이도(52nd Street),
03982 숲,숲,숲길
03982 디트로이트 피지스,디트로이트 피지스,디트로이트피자 Detroit Pizzzes
03983 낭풍,낭풍,낭풍 김치찌개
03984 파크 애비뉴(Park Avenue),파크 애비뉴(Park Avenue),파크애비뉴게스트하우스
03980 리피칩(Leepicheep),리피칩(Leepicheep),리피칩
03991 후레쉬,후레쉬,후레쉬마트
03984 서대문양꼬치,서대문양꼬치,서대문 양꼬치 BAR
03989 파출소 옆 포차 1987,파출소 옆 포차 1987,파출소옆포차 a Korean-style forklift bar
03980 랩1(LAB1),랩1(LAB1),(주)랩241
03991 36.5도여름,36.5도여름,36.5도 여름 동쪽점
03984 야끼토리하루,야끼토리하루,야키토리 나루토
03990 곰셰프네,곰셰프네,
03982 시실리,시실리,시실리 본점
03988 곰면옥,곰면옥,1988 곰면옥
03984 요!원(YO! ONE),요!원(YO! ONE),원앤오운(WON&OWN)
03989 밥스바비연남점,밥스바비연남점,
,추억속으로,(사)피난처
03980 (주)툭툭누들타이,(주)툭툭누들타이,툭툭누들타이
03982 스위트가든 뽀아르(sweetgarden poire),스위트가든 뽀아르(sweetgarden poire),
03982 데일리라운드,데일리라운드,데일리라운드 DailyRound
03986 문부터,문부터,
03990 사루카메(SARUKAME),사루카메(SARUKAME),사루카메
03982 폴리스팬케이크,폴리스팬케이크,폴리스팬케이크 (polyspancake)
03988 한성축산정육식당,한성축산정육식당,한성축산식당
03977 빠끼또,빠끼또,빠끼또 Taberna Española
03981 missik,missik,야키토리 미식서울(mi ssik)
03981 연남화로굼,연남화로굼,연남화로
03984 서대문양꼬치(본점),서대문양꼬치(본점),서대문 양꼬치 BAR
03977 김뿌라,김뿌라,김뿌라 연남동본점
03986 장강,장강,
03981 주류충전소(연남점),주류충전소(연남점),술퍼마켓
03991 풍천장어,풍천장어,풍천장어 연남점
03974 처갓집양념치킨,처갓집양념치킨,처갓집양념치킨 서교점
03981 한스뮤직챔버,한스뮤직챔버,
03974 지후식당연남,지후식당연남,지후식당
03974 만경식당,만경식당,
03984 월강돼지국밥,월강돼지국밥,월강부산돼지국밥
03987 김밥세상,김밥세상,
03986 연희동할머니네,연희동할머니네,연희동할머니네 연남동
03984 피에스타 연남점,피에스타 연남점,FIESTA7 COFFEE YEONNAM
03988 연:덮,연:덮,연덮
03991 항저우 샤롱바오,항저우 샤롱바오,샤오롱바오
03982 코리아,코리아,03982
